,action_set,policy_type,direct_solution,iterative_solution,discount_factor,mean_time_direct,mean_time_iterative,time_difference,mean_accuracy_direct,mean_accuracy_iterative,accuracy_difference
0,default,optimal,[0. 0. 0. 0. 0. 0. 0. 0. 0. 0. 0. 0. 0. 0. 1. 0.],[0. 0. 0. 0. 0. 0. 0. 0. 0. 0. 0. 0. 0. 0. 1. 0.],0.0,0.00034094810485839843,0.00028299331665039063,5.7954788208007795e-05,0.0,0.0,0.0
1,default,optimal,"[3.125e-07 6.250e-06 1.250e-04 6.250e-06 6.250e-06 0.000e+00 2.500e-03
 0.000e+00 1.250e-04 2.500e-03 5.000e-02 0.000e+00 0.000e+00 5.000e-02
 1.000e+00 0.000e+00]","[3.125e-07 6.250e-06 1.250e-04 6.250e-06 6.250e-06 0.000e+00 2.500e-03
 0.000e+00 1.250e-04 2.500e-03 5.000e-02 0.000e+00 0.000e+00 5.000e-02
 1.000e+00 0.000e+00]",0.05,0.00022217869758605957,0.0010045385360717774,0.0007823598384857178,39.75,40.0,0.25
2,default,optimal,"[1.e-05 1.e-04 1.e-03 1.e-04 1.e-04 0.e+00 1.e-02 0.e+00 1.e-03 1.e-02
 1.e-01 0.e+00 0.e+00 1.e-01 1.e+00 0.e+00]","[1.e-05 1.e-04 1.e-03 1.e-04 1.e-04 0.e+00 1.e-02 0.e+00 1.e-03 1.e-02
 1.e-01 0.e+00 0.e+00 1.e-01 1.e+00 0.e+00]",0.1,0.00034365296363830566,0.0009602510929107666,0.0006165981292724609,38.1875,38.4375,0.25
3,default,optimal,"[7.59375e-05 5.06250e-04 3.37500e-03 5.06250e-04 5.06250e-04 0.00000e+00
 2.25000e-02 0.00000e+00 3.37500e-03 2.25000e-02 1.50000e-01 0.00000e+00
 0.00000e+00 1.50000e-01 1.00000e+00 0.00000e+00]","[7.59375e-05 5.06250e-04 3.37500e-03 5.06250e-04 5.06250e-04 0.00000e+00
 2.25000e-02 0.00000e+00 3.37500e-03 2.25000e-02 1.50000e-01 0.00000e+00
 0.00000e+00 1.50000e-01 1.00000e+00 0.00000e+00]",0.15000000000000002,0.00022309184074401856,0.0010158324241638184,0.0007927405834197998,36.625,36.625,0.0
4,default,optimal,"[3.2e-04 1.6e-03 8.0e-03 1.6e-03 1.6e-03 0.0e+00 4.0e-02 0.0e+00 8.0e-03
 4.0e-02 2.0e-01 0.0e+00 0.0e+00 2.0e-01 1.0e+00 0.0e+00]","[3.2e-04 1.6e-03 8.0e-03 1.6e-03 1.6e-03 0.0e+00 4.0e-02 0.0e+00 8.0e-03
 4.0e-02 2.0e-01 0.0e+00 0.0e+00 2.0e-01 1.0e+00 0.0e+00]",0.2,0.00024486184120178225,0.0011338555812835693,0.000888993740081787,36.375,36.625,0.25
5,default,optimal,"[9.765625e-04 3.906250e-03 1.562500e-02 3.906250e-03 3.906250e-03
 0.000000e+00 6.250000e-02 0.000000e+00 1.562500e-02 6.250000e-02
 2.500000e-01 0.000000e+00 0.000000e+00 2.500000e-01 1.000000e+00
 0.000000e+00]","[9.765625e-04 3.906250e-03 1.562500e-02 3.906250e-03 3.906250e-03
 0.000000e+00 6.250000e-02 0.000000e+00 1.562500e-02 6.250000e-02
 2.500000e-01 0.000000e+00 0.000000e+00 2.500000e-01 1.000000e+00
 0.000000e+00]",0.25,0.0003538084030151367,0.0009586513042449951,0.0006048429012298584,3.625,3.625,0.0
6,default,optimal,"[0.00243 0.0081  0.027   0.0081  0.0081  0.      0.09    0.      0.027
 0.09    0.3     0.      0.      0.3     1.      0.     ]","[0.00243 0.0081  0.027   0.0081  0.0081  0.      0.09    0.      0.027
 0.09    0.3     0.      0.      0.3     1.      0.     ]",0.30000000000000004,0.0002786743640899658,0.0010198259353637695,0.0007411515712738037,34.8125,34.8125,0.0
7,default,optimal,"[0.00525219 0.01500625 0.042875   0.01500625 0.01500625 0.
 0.1225     0.         0.042875   0.1225     0.35       0.
 0.         0.35       1.         0.        ]","[0.00525219 0.01500625 0.042875   0.01500625 0.01500625 0.
 0.1225     0.         0.042875   0.1225     0.35       0.
 0.         0.35       1.         0.        ]",0.35000000000000003,0.00024419665336608884,0.0010611355304718018,0.0008169388771057131,35.0625,35.0625,0.0
8,default,optimal,"[0.01024 0.0256  0.064   0.0256  0.0256  0.      0.16    0.      0.064
 0.16    0.4     0.      0.      0.4     1.      0.     ]","[0.01024 0.0256  0.064   0.0256  0.0256  0.      0.16    0.      0.064
 0.16    0.4     0.      0.      0.4     1.      0.     ]",0.4,0.00032314538955688474,0.0009660029411315918,0.0006428575515747071,34.5625,34.8125,0.25
9,default,optimal,"[0.01845281 0.04100625 0.091125   0.04100625 0.04100625 0.
 0.2025     0.         0.091125   0.2025     0.45       0.
 0.         0.45       1.         0.        ]","[0.01845281 0.04100625 0.091125   0.04100625 0.04100625 0.
 0.2025     0.         0.091125   0.2025     0.45       0.
 0.         0.45       1.         0.        ]",0.45,0.00039415717124938963,0.0009808993339538573,0.0005867421627044676,34.0625,34.0625,0.0
10,default,optimal,"[0.03125 0.0625  0.125   0.0625  0.0625  0.      0.25    0.      0.125
 0.25    0.5     0.      0.      0.5     1.      0.     ]","[0.03125 0.0625  0.125   0.0625  0.0625  0.      0.25    0.      0.125
 0.25    0.5     0.      0.      0.5     1.      0.     ]",0.5,0.0003030991554260254,0.000969703197479248,0.0006666040420532227,1.8125,1.8125,0.0
11,default,optimal,"[0.05032844 0.09150625 0.166375   0.09150625 0.09150625 0.
 0.3025     0.         0.166375   0.3025     0.55       0.
 0.         0.55       1.         0.        ]","[0.05032844 0.09150625 0.166375   0.09150625 0.09150625 0.
 0.3025     0.         0.166375   0.3025     0.55       0.
 0.         0.55       1.         0.        ]",0.55,0.00036952733993530275,0.0009593701362609863,0.0005898427963256835,33.8125,33.75,0.0625
12,default,optimal,"[0.07776 0.1296  0.216   0.1296  0.1296  0.      0.36    0.      0.216
 0.36    0.6     0.      0.      0.6     1.      0.     ]","[0.07776 0.1296  0.216   0.1296  0.1296  0.      0.36    0.      0.216
 0.36    0.6     0.      0.      0.6     1.      0.     ]",0.6000000000000001,0.0003129100799560547,0.000994201898574829,0.0006812918186187743,33.0,33.0,0.0
13,default,optimal,"[0.11602906 0.17850625 0.274625   0.17850625 0.17850625 0.
 0.4225     0.         0.274625   0.4225     0.65       0.
 0.         0.65       1.         0.        ]","[0.11602906 0.17850625 0.274625   0.17850625 0.17850625 0.
 0.4225     0.         0.274625   0.4225     0.65       0.
 0.         0.65       1.         0.        ]",0.65,0.00027831792831420896,0.0009853458404541016,0.0007070279121398926,33.875,33.9375,0.0625
14,default,optimal,"[0.16807 0.2401  0.343   0.2401  0.2401  0.      0.49    0.      0.343
 0.49    0.7     0.      0.      0.7     1.      0.     ]","[0.16807 0.2401  0.343   0.2401  0.2401  0.      0.49    0.      0.343
 0.49    0.7     0.      0.      0.7     1.      0.     ]",0.7000000000000001,0.00026035308837890625,0.0009788739681243896,0.0007185208797454833,33.25,33.25,0.0
15,default,optimal,"[0.23730469 0.31640625 0.421875   0.31640625 0.31640625 0.
 0.5625     0.         0.421875   0.5625     0.75       0.
 0.         0.75       1.         0.        ]","[0.23730469 0.31640625 0.421875   0.31640625 0.31640625 0.
 0.5625     0.         0.421875   0.5625     0.75       0.
 0.         0.75       1.         0.        ]",0.75,0.00037917494773864746,0.0009884655475616456,0.0006092905998229981,3.625,3.625,0.0
16,default,optimal,"[0.32768 0.4096  0.512   0.4096  0.4096  0.      0.64    0.      0.512
 0.64    0.8     0.      0.      0.8     1.      0.     ]","[0.32768 0.4096  0.512   0.4096  0.4096  0.      0.64    0.      0.512
 0.64    0.8     0.      0.      0.8     1.      0.     ]",0.8,0.0003972709178924561,0.0010571837425231933,0.0006599128246307372,32.75,33.0,0.25
17,default,optimal,"[0.44370531 0.52200625 0.614125   0.52200625 0.52200625 0.
 0.7225     0.         0.614125   0.7225     0.85       0.
 0.         0.85       1.         0.        ]","[0.44370531 0.52200625 0.614125   0.52200625 0.52200625 0.
 0.7225     0.         0.614125   0.7225     0.85       0.
 0.         0.85       1.         0.        ]",0.8500000000000001,0.00028357625007629394,0.0009533727169036866,0.0006697964668273926,32.0625,32.0625,0.0
18,default,optimal,"[0.59049 0.6561  0.729   0.6561  0.6561  0.      0.81    0.      0.729
 0.81    0.9     0.      0.      0.9     1.      0.     ]","[0.59049 0.6561  0.729   0.6561  0.6561  0.      0.81    0.      0.729
 0.81    0.9     0.      0.      0.9     1.      0.     ]",0.9,0.0003240382671356201,0.0010401058197021485,0.0007160675525665285,32.25,32.25,0.0
19,default,optimal,"[0.77378094 0.81450625 0.857375   0.81450625 0.81450625 0.
 0.9025     0.         0.857375   0.9025     0.95       0.
 0.         0.95       1.         0.        ]","[0.77378094 0.81450625 0.857375   0.81450625 0.81450625 0.
 0.9025     0.         0.857375   0.9025     0.95       0.
 0.         0.95       1.         0.        ]",0.9500000000000001,0.0003060710430145264,0.0009678351879119873,0.0006617641448974609,32.75,32.6875,0.0625
20,slippery,optimal,[0. 0. 0. 0. 0. 0. 0. 0. 0. 0. 0. 0. 0. 0. 1. 0.],[0. 0. 0. 0. 0. 0. 0. 0. 0. 0. 0. 0. 0. 0. 1. 0.],0.0,0.00048449039459228513,0.0003118288516998291,0.00017266154289245604,0.0,0.0,0.0
21,slippery,optimal,"[2.82723776e-09 8.13364605e-08 4.79602393e-06 8.26900678e-08
 1.63979790e-07 0.00000000e+00 2.82884075e-04 0.00000000e+00
 9.67198038e-06 5.70482863e-04 1.69682485e-02 0.00000000e+00
 0.00000000e+00 1.72510513e-02 1.01724154e+00 0.00000000e+00]","[2.82720851e-09 8.13364571e-08 4.79602393e-06 8.26900673e-08
 1.63979780e-07 0.00000000e+00 2.82884075e-04 0.00000000e+00
 9.67198038e-06 5.70482863e-04 1.69682485e-02 0.00000000e+00
 0.00000000e+00 1.72510513e-02 1.01724154e+00 0.00000000e+00]",0.05,0.00022534608840942382,0.0012526953220367433,0.0010273492336273194,44.5,43.8125,0.6875
22,slippery,optimal,"[1.00062971e-07 1.37967281e-06 3.99104485e-05 1.42537316e-06
 2.80176318e-06 0.00000000e+00 1.15602333e-03 0.00000000e+00
 8.11510692e-05 2.35057924e-03 3.46407896e-02 0.00000000e+00
 0.00000000e+00 3.57954367e-02 1.03571708e+00 0.00000000e+00]","[1.00062963e-07 1.37967281e-06 3.99104485e-05 1.42537316e-06
 2.80176318e-06 0.00000000e+00 1.15602333e-03 0.00000000e+00
 8.11510692e-05 2.35057924e-03 3.46407896e-02 0.00000000e+00
 0.00000000e+00 3.57954367e-02 1.03571708e+00 0.00000000e+00]",0.1,0.00048017144203186033,0.0016964268684387207,0.0012162554264068604,42.9375,43.25,0.3125
23,slippery,optimal,"[8.45980947e-07 7.45101971e-06 1.40723394e-04 7.81796631e-06
 1.52276570e-05 0.00000000e+00 2.66629346e-03 0.00000000e+00
 2.88479503e-04 5.46588290e-03 5.31851457e-02 0.00000000e+00
 0.00000000e+00 5.58440327e-02 1.05557074e+00 0.00000000e+00]","[8.45980933e-07 7.45101971e-06 1.40723394e-04 7.81796631e-06
 1.52276570e-05 0.00000000e+00 2.66629346e-03 0.00000000e+00
 2.88479503e-04 5.46588290e-03 5.31851457e-02 0.00000000e+00
 0.00000000e+00 5.58440327e-02 1.05557074e+00 0.00000000e+00]",0.15000000000000002,0.00031073212623596193,0.001954777240753174,0.001644045114517212,42.6875,42.375,0.3125
24,slippery,optimal,"[3.99749847e-06 2.52939647e-05 3.50118007e-04 2.69321544e-05
 5.19674802e-05 0.00000000e+00 4.87635813e-03 0.00000000e+00
 7.23547224e-04 1.00776937e-02 7.27952539e-02 0.00000000e+00
 0.00000000e+00 7.76466036e-02 1.07697476e+00 0.00000000e+00]","[3.99749834e-06 2.52939646e-05 3.50118007e-04 2.69321544e-05
 5.19674801e-05 0.00000000e+00 4.87635813e-03 0.00000000e+00
 7.23547224e-04 1.00776937e-02 7.27952539e-02 0.00000000e+00
 0.00000000e+00 7.76466036e-02 1.07697476e+00 0.00000000e+00]",0.2,0.0002546751499176025,0.0021074092388153076,0.0018527340888977051,42.0625,41.25,0.8125
25,slippery,optimal,"[1.37864516e-05 6.68339995e-05 7.21387542e-04 7.21387542e-05
 1.37864516e-04 0.00000000e+00 7.86842897e-03 0.00000000e+00
 1.50272323e-03 1.63920910e-02 9.36997601e-02 0.00000000e+00
 0.00000000e+00 1.01502608e-01 1.10013660e+00 0.00000000e+00]","[1.37864514e-05 6.68339994e-05 7.21387542e-04 7.21387542e-05
 1.37864516e-04 0.00000000e+00 7.86842897e-03 0.00000000e+00
 1.50272323e-03 1.63920910e-02 9.36997601e-02 0.00000000e+00
 0.00000000e+00 1.01502608e-01 1.10013660e+00 0.00000000e+00]",0.25,0.00031205415725708006,0.0024693119525909424,0.0021572577953338622,41.25,41.3125,0.0625
26,slippery,optimal,"[3.91006086e-05 1.51268011e-04 1.32231149e-03 1.65288936e-04
 3.12804869e-04 0.00000000e+00 1.17495354e-02 0.00000000e+00
 2.77614321e-03 2.46724840e-02 1.16173043e-01 0.00000000e+00
 0.00000000e+00 1.27775654e-01 1.12530841e+00 0.00000000e+00]","[3.91006083e-05 1.51268011e-04 1.32231149e-03 1.65288936e-04
 3.12804869e-04 0.00000000e+00 1.17495354e-02 0.00000000e+00
 2.77614321e-03 2.46724840e-02 1.16173043e-01 0.00000000e+00
 0.00000000e+00 1.27775654e-01 1.12530841e+00 0.00000000e+00]",0.30000000000000004,0.00036274075508117674,0.0026957619190216063,0.0023330211639404296,40.8125,40.5,0.3125
27,slippery,optimal,"[9.72412438e-05 3.08828399e-04 2.24103092e-03 3.41026444e-04
 6.39013888e-04 0.00000000e+00 1.66589771e-02 0.00000000e+00
 4.74100677e-03 3.52571802e-02 1.40550202e-01 0.00000000e+00
 0.00000000e+00 1.56913193e-01 1.15279986e+00 0.00000000e+00]","[9.72412437e-05 3.08828399e-04 2.24103092e-03 3.41026444e-04
 6.39013888e-04 0.00000000e+00 1.66589771e-02 0.00000000e+00
 4.74100677e-03 3.52571802e-02 1.40550202e-01 0.00000000e+00
 0.00000000e+00 1.56913193e-01 1.15279986e+00 0.00000000e+00]",0.35000000000000003,0.0004159879684448242,0.0033080029487609864,0.002892014980316162,40.0,40.3125,0.3125
28,slippery,optimal,"[2.20462326e-04 5.86958301e-04 3.59476663e-03 6.53593933e-04
 1.21254279e-03 0.00000000e+00 2.27790248e-02 0.00000000e+00
 7.66106583e-03 4.85843851e-02 1.67247919e-01 0.00000000e+00
 0.00000000e+00 1.89473903e-01 1.18299599e+00 0.00000000e+00]","[2.20462326e-04 5.86958301e-04 3.59476663e-03 6.53593933e-04
 1.21254279e-03 0.00000000e+00 2.27790248e-02 0.00000000e+00
 7.66106583e-03 4.85843851e-02 1.67247919e-01 0.00000000e+00
 0.00000000e+00 1.89473903e-01 1.18299599e+00 0.00000000e+00]",0.4,0.0003054976463317871,0.0035612785816192625,0.0032557809352874753,40.4375,39.8125,0.625
29,slippery,optimal,"[4.67525871e-04 1.06071180e-03 5.54317430e-03 1.18782306e-03
 2.18178740e-03 0.00000000e+00 3.03506093e-02 0.00000000e+00
 1.18959361e-02 6.52285169e-02 1.96794221e-01 0.00000000e+00
 0.00000000e+00 2.26166623e-01 1.21638235e+00 0.00000000e+00]","[4.67525871e-04 1.06071180e-03 5.54317430e-03 1.18782306e-03
 2.18178740e-03 0.00000000e+00 3.03506093e-02 0.00000000e+00
 1.18959361e-02 6.52285169e-02 1.96794221e-01 0.00000000e+00
 0.00000000e+00 2.26166623e-01 1.21638235e+00 0.00000000e+00]",0.45,0.00033673644065856934,0.0037574148178100585,0.003420678377151489,39.75,39.25,0.5
30,slippery,optimal,"[9.44552666e-04 1.85082114e-03 8.30955303e-03 2.07738826e-03
 3.77821067e-03 0.00000000e+00 3.96969440e-02 0.00000000e+00
 1.79465007e-02 8.59542926e-02 2.29872111e-01 0.00000000e+00
 0.00000000e+00 2.67907144e-01 1.25358143e+00 0.00000000e+00]","[9.44552666e-04 1.85082114e-03 8.30955303e-03 2.07738826e-03
 3.77821067e-03 0.00000000e+00 3.96969440e-02 0.00000000e+00
 1.79465007e-02 8.59542926e-02 2.29872111e-01 0.00000000e+00
 0.00000000e+00 2.67907144e-01 1.25358143e+00 0.00000000e+00]",0.5,0.0002921187877655029,0.004258211851119995,0.003966093063354492,39.125,39.125,0.0
31,slippery,optimal,"[0.00184368 0.00315625 0.01221596 0.0035362  0.00636909 0.
 0.05126029 0.         0.0265277  0.11179976 0.26738561 0.
 0.         0.31590354 1.29540692 0.        ]","[0.00184368 0.00315625 0.01221596 0.0035362  0.00636909 0.
 0.05126029 0.         0.0265277  0.11179976 0.26738561 0.
 0.         0.31590354 1.29540692 0.        ]",0.55,0.0003665447235107422,0.0050837862491607665,0.004717241525650024,39.0,39.0625,0.0625
32,slippery,optimal,"[0.00351728 0.00531538 0.01774423 0.00591474 0.01055184 0.
 0.06566154 0.         0.03869008 0.14420849 0.31056345 0.
 0.         0.37178893 1.34294723 0.        ]","[0.00351728 0.00531538 0.01774423 0.00591474 0.01055184 0.
 0.06566154 0.         0.03869008 0.14420849 0.31056345 0.
 0.         0.37178893 1.34294723 0.        ]",0.6000000000000001,0.00030688762664794923,0.005759794712066651,0.0054529070854187015,38.8125,38.4375,0.375
33,slippery,optimal,"[0.00662673 0.00892718 0.02564847 0.00980677 0.01733146 0.
 0.08380189 0.         0.05603315 0.18524995 0.36112948 0.
 0.         0.43783712 1.39769963 0.        ]","[0.00662673 0.00892718 0.02564847 0.00980677 0.01733146 0.
 0.08380189 0.         0.05603315 0.18524995 0.36112948 0.
 0.         0.43783712 1.39769963 0.        ]",0.65,0.0003052866458892822,0.006440110206604004,0.006134823560714721,38.3125,38.0,0.3125
34,slippery,optimal,"[0.01245792 0.01510639 0.03717736 0.0162651  0.02847525 0.
 0.1070478  0.         0.0811036  0.23800802 0.42159891 0.
 0.         0.51733186 1.46179665 0.        ]","[0.01245792 0.01510639 0.03717736 0.0162651  0.02847525 0.
 0.1070478  0.         0.0811036  0.23800802 0.42159891 0.
 0.         0.51733186 1.46179665 0.        ]",0.7000000000000001,0.00024094104766845704,0.007912735939025878,0.007671794891357421,37.9375,37.875,0.0625
35,slippery,optimal,"[0.02363995 0.02606456 0.05455372 0.02727686 0.04727989 0.
 0.13759661 0.         0.11819973 0.30731929 0.4958327  0.
 0.         0.61524473 1.53841491 0.        ]","[0.02363995 0.02606456 0.05455372 0.02727686 0.04727989 0.
 0.13759661 0.         0.11819973 0.30731929 0.4958327  0.
 0.         0.61524473 1.53841491 0.        ]",0.75,0.00027706027030944825,0.008855845928192139,0.008578785657882691,37.125,36.9375,0.1875
36,slippery,optimal,"[0.04594751 0.04657361 0.08212991 0.04693138 0.08040815 0.
 0.17928364 0.         0.1751749  0.40132282 0.59018373 0.
 0.         0.73960194 1.63258252 0.        ]","[0.04594751 0.04657361 0.08212991 0.04693138 0.08040815 0.
 0.17928364 0.         0.1751749  0.40132282 0.59018373 0.
 0.         0.73960194 1.63258252 0.        ]",0.8,0.00038110971450805664,0.011144887208938598,0.010763777494430542,37.4375,36.75,0.6875
37,slippery,optimal,"[0.09346632 0.08819509 0.12961539 0.08474852 0.14294849 0.
 0.23965559 0.         0.26810927 0.53521025 0.71622788 0.
 0.         0.90464019 1.75299728 0.        ]","[0.09346632 0.08819509 0.12961539 0.08474852 0.14294849 0.
 0.23965559 0.         0.26810927 0.53521025 0.71622788 0.
 0.         0.90464019 1.75299728 0.        ]",0.8500000000000001,0.000345073938369751,0.014097777605056762,0.013752703666687011,36.75,36.875,0.125
38,slippery,optimal,"[2.06672715e-01 1.84243715e-01 2.23229286e-01 1.67421964e-01
 2.75563620e-01 3.70074342e-16 3.36624619e-01 0.00000000e+00
 4.36309064e-01 7.42490864e-01 8.98852778e-01 0.00000000e+00
 0.00000000e+00 1.13980770e+00 1.91706044e+00 0.00000000e+00]","[0.20667271 0.18424371 0.22322929 0.16742196 0.27556362 0.
 0.33662462 0.         0.43630906 0.74249086 0.89885278 0.
 0.         1.1398077  1.91706044 0.        ]",0.9,0.0003844606876373291,0.01969976782798767,0.019315307140350343,42.1875,36.5625,5.625
39,slippery,optimal,"[ 5.41414735e-01  4.64270168e-01  4.60431417e-01  3.97645315e-01
  6.26901272e-01 -1.22708861e-15  5.29292363e-01  0.00000000e+00
  8.11372221e-01  1.12395457e+00  1.21101815e+00  0.00000000e+00
  0.00000000e+00  1.52693986e+00  2.17102091e+00  0.00000000e+00]","[0.54141474 0.46427017 0.46043142 0.39764531 0.62690127 0.
 0.52929236 0.         0.81137222 1.12395457 1.21101815 0.
 0.         1.52693986 2.17102091 0.        ]",0.9500000000000001,0.0003266620635986328,0.032329674959182736,0.032003012895584104,41.0625,35.75,5.3125
40,default,stochastic,"[0.         0.         0.         0.         0.         0.
 0.         0.         0.         0.         0.         0.
 0.         0.         0.20650644 0.        ]","[0.         0.         0.         0.         0.         0.
 0.         0.         0.         0.         0.         0.
 0.         0.         0.20650644 0.        ]",0.0,0.0004382920265197754,0.00022195935249328614,0.00021633267402648923,3.3125,3.3125,0.0
41,default,stochastic,"[2.46623013e-11 2.01846148e-09 3.34618312e-07 3.16515298e-11
 1.34186455e-10 0.00000000e+00 2.79411479e-05 0.00000000e+00
 7.27810702e-07 5.68753040e-05 1.54756211e-03 0.00000000e+00
 0.00000000e+00 2.62208426e-03 1.43100382e-01 0.00000000e+00]","[2.46591856e-11 2.01845943e-09 3.34618310e-07 3.16515284e-11
 1.34186231e-10 0.00000000e+00 2.79411479e-05 0.00000000e+00
 7.27810698e-07 5.68753040e-05 1.54756211e-03 0.00000000e+00
 0.00000000e+00 2.62208426e-03 1.43100382e-01 0.00000000e+00]",0.05,0.0002934372425079346,0.0011339569091796875,0.0008405196666717528,47.5625,47.0625,0.5
42,default,stochastic,"[1.23602060e-10 2.14332448e-09 1.03406281e-07 2.16160557e-09
 1.90823562e-09 0.00000000e+00 2.59196681e-06 0.00000000e+00
 3.61499094e-07 9.56919204e-06 7.85867831e-05 0.00000000e+00
 0.00000000e+00 4.52563791e-04 2.90086810e-02 0.00000000e+00]","[1.23594255e-10 2.14332226e-09 1.03406280e-07 2.16160517e-09
 1.90823234e-09 0.00000000e+00 2.59196681e-06 0.00000000e+00
 3.61499089e-07 9.56919203e-06 7.85867831e-05 0.00000000e+00
 0.00000000e+00 4.52563791e-04 2.90086810e-02 0.00000000e+00]",0.1,0.0003519880771636963,0.001381450891494751,0.0010294628143310547,47.6875,47.625,0.0625
43,default,stochastic,"[5.69049645e-08 3.81707664e-07 5.25814772e-06 7.61934517e-08
 1.12382327e-06 0.00000000e+00 2.98176412e-04 0.00000000e+00
 2.12623940e-05 5.60105938e-04 1.13985183e-02 0.00000000e+00
 0.00000000e+00 3.58763390e-03 1.79686017e-01 0.00000000e+00]","[5.69049537e-08 3.81707663e-07 5.25814772e-06 7.61934514e-08
 1.12382327e-06 0.00000000e+00 2.98176412e-04 0.00000000e+00
 2.12623940e-05 5.60105938e-04 1.13985183e-02 0.00000000e+00
 0.00000000e+00 3.58763390e-03 1.79686017e-01 0.00000000e+00]",0.15000000000000002,0.0003066563606262207,0.0015669286251068116,0.0012602722644805909,44.9375,44.5625,0.375
44,default,stochastic,"[4.47572800e-07 7.73309733e-08 8.20270373e-07 2.97444315e-08
 4.66596696e-06 0.00000000e+00 6.51210723e-05 0.00000000e+00
 5.15699514e-05 7.03741756e-04 1.09372232e-03 0.00000000e+00
 0.00000000e+00 6.06207664e-03 9.26492358e-02 0.00000000e+00]","[4.47572763e-07 7.73309677e-08 8.20270372e-07 2.97444313e-08
 4.66596695e-06 0.00000000e+00 6.51210723e-05 0.00000000e+00
 5.15699514e-05 7.03741756e-04 1.09372232e-03 0.00000000e+00
 0.00000000e+00 6.06207664e-03 9.26492358e-02 0.00000000e+00]",0.2,0.00029090285301208496,0.0017266595363616944,0.0014357566833496094,44.9375,44.3125,0.625
45,default,stochastic,"[2.06985640e-07 1.44826772e-05 1.73289121e-04 4.08447046e-06
 1.27008645e-05 0.00000000e+00 2.81655937e-03 0.00000000e+00
 3.73480242e-04 6.30859460e-03 3.75520618e-02 0.00000000e+00
 0.00000000e+00 4.01822609e-02 4.63486392e-01 0.00000000e+00]","[2.06985561e-07 1.44826772e-05 1.73289121e-04 4.08447046e-06
 1.27008645e-05 0.00000000e+00 2.81655937e-03 0.00000000e+00
 3.73480242e-04 6.30859460e-03 3.75520618e-02 0.00000000e+00
 0.00000000e+00 4.01822609e-02 4.63486392e-01 0.00000000e+00]",0.25,0.0002889752388000488,0.002020525932312012,0.001731550693511963,43.1875,42.1875,1.0
46,default,stochastic,"[1.62253082e-06 8.04547231e-07 7.26229714e-06 5.86716817e-07
 1.06711277e-05 0.00000000e+00 7.47466937e-05 0.00000000e+00
 9.34057703e-05 9.73848753e-04 7.70625458e-04 0.00000000e+00
 0.00000000e+00 1.50438110e-02 1.20958033e-01 0.00000000e+00]","[1.62253079e-06 8.04547225e-07 7.26229714e-06 5.86716816e-07
 1.06711277e-05 0.00000000e+00 7.47466937e-05 0.00000000e+00
 9.34057703e-05 9.73848753e-04 7.70625458e-04 0.00000000e+00
 0.00000000e+00 1.50438110e-02 1.20958033e-01 0.00000000e+00]",0.30000000000000004,0.00031330585479736326,0.0021644580364227296,0.0018511521816253662,44.25,44.6875,0.4375
47,default,stochastic,"[7.79781780e-06 9.86741877e-05 9.25768861e-04 1.31706366e-04
 2.28611005e-05 0.00000000e+00 5.03929626e-03 0.00000000e+00
 2.63764730e-04 6.95755843e-03 3.19943006e-02 0.00000000e+00
 0.00000000e+00 3.78528746e-02 3.75186804e-01 0.00000000e+00]","[7.79781746e-06 9.86741876e-05 9.25768861e-04 1.31706366e-04
 2.28611004e-05 0.00000000e+00 5.03929626e-03 0.00000000e+00
 2.63764730e-04 6.95755843e-03 3.19943006e-02 0.00000000e+00
 0.00000000e+00 3.78528746e-02 3.75186804e-01 0.00000000e+00]",0.35000000000000003,0.000316007137298584,0.002492314577102661,0.002176307439804077,42.125,41.8125,0.3125
48,default,stochastic,"[7.15998004e-07 1.49928336e-05 3.31922358e-04 6.50781486e-05
 4.99792109e-06 0.00000000e+00 5.23272616e-03 0.00000000e+00
 2.53869779e-04 1.73979273e-03 3.89745929e-02 0.00000000e+00
 0.00000000e+00 2.47033865e-02 3.29907424e-01 0.00000000e+00]","[7.15997823e-07 1.49928336e-05 3.31922358e-04 6.50781486e-05
 4.99792106e-06 0.00000000e+00 5.23272616e-03 0.00000000e+00
 2.53869778e-04 1.73979273e-03 3.89745929e-02 0.00000000e+00
 0.00000000e+00 2.47033865e-02 3.29907424e-01 0.00000000e+00]",0.4,0.00029644250869750974,0.002758347988128662,0.0024619054794311522,42.6875,42.25,0.4375
49,default,stochastic,"[2.05907852e-06 9.23832481e-06 5.60784733e-05 1.19848801e-05
 5.75401417e-07 0.00000000e+00 4.91976126e-04 0.00000000e+00
 2.65848952e-07 3.11082741e-03 1.07843883e-02 0.00000000e+00
 0.00000000e+00 1.54331374e-02 2.03515310e-01 0.00000000e+00]","[2.05907844e-06 9.23832478e-06 5.60784733e-05 1.19848801e-05
 5.75401390e-07 0.00000000e+00 4.91976126e-04 0.00000000e+00
 2.65848946e-07 3.11082741e-03 1.07843883e-02 0.00000000e+00
 0.00000000e+00 1.54331374e-02 2.03515310e-01 0.00000000e+00]",0.45,0.00031952142715454103,0.003053450584411621,0.00273392915725708,43.375,43.9375,0.5625
50,default,stochastic,"[1.42591221e-04 4.10640596e-04 1.74460730e-03 1.44321508e-04
 2.96636268e-04 0.00000000e+00 8.46661290e-03 0.00000000e+00
 1.08602372e-03 5.34344902e-03 5.17946257e-02 0.00000000e+00
 0.00000000e+00 5.27653355e-03 3.21250914e-01 0.00000000e+00]","[1.42591221e-04 4.10640596e-04 1.74460730e-03 1.44321508e-04
 2.96636268e-04 0.00000000e+00 8.46661290e-03 0.00000000e+00
 1.08602372e-03 5.34344902e-03 5.17946257e-02 0.00000000e+00
 0.00000000e+00 5.27653355e-03 3.21250914e-01 0.00000000e+00]",0.5,0.00026925086975097655,0.003370840549468994,0.0031015896797180176,41.6875,41.1875,0.5
51,default,stochastic,"[2.78968851e-05 2.31638825e-04 1.95018427e-03 6.67257274e-04
 5.98023501e-05 0.00000000e+00 6.72107978e-03 0.00000000e+00
 3.32703917e-04 9.88410195e-03 3.92093955e-02 0.00000000e+00
 0.00000000e+00 2.73245677e-03 4.28039551e-01 0.00000000e+00]","[2.78968847e-05 2.31638824e-04 1.95018427e-03 6.67257274e-04
 5.98023500e-05 0.00000000e+00 6.72107978e-03 0.00000000e+00
 3.32703917e-04 9.88410195e-03 3.92093955e-02 0.00000000e+00
 0.00000000e+00 2.73245677e-03 4.28039551e-01 0.00000000e+00]",0.55,0.00026165366172790526,0.003806649446487427,0.0035449957847595217,42.0625,41.9375,0.125
52,default,stochastic,"[2.26232802e-04 5.42056174e-04 3.07013318e-03 5.99642882e-04
 4.33067525e-04 0.00000000e+00 5.95828170e-02 0.00000000e+00
 5.25819236e-03 2.01125192e-02 1.53975713e-01 0.00000000e+00
 0.00000000e+00 1.24880710e-01 6.44986949e-01 0.00000000e+00]","[2.26232802e-04 5.42056174e-04 3.07013318e-03 5.99642882e-04
 4.33067525e-04 0.00000000e+00 5.95828170e-02 0.00000000e+00
 5.25819236e-03 2.01125192e-02 1.53975713e-01 0.00000000e+00
 0.00000000e+00 1.24880710e-01 6.44986949e-01 0.00000000e+00]",0.6000000000000001,0.00032117247581481934,0.004201200008392334,0.003880027532577515,39.8125,40.125,0.3125
53,default,stochastic,"[3.70727601e-04 1.84291661e-04 8.29346738e-04 2.02163626e-04
 1.44783028e-03 0.00000000e+00 7.56884991e-03 0.00000000e+00
 1.09578981e-02 4.84843939e-02 3.31406854e-02 0.00000000e+00
 0.00000000e+00 1.55197730e-01 4.25491988e-01 0.00000000e+00]","[3.70727600e-04 1.84291661e-04 8.29346738e-04 2.02163626e-04
 1.44783027e-03 0.00000000e+00 7.56884991e-03 0.00000000e+00
 1.09578981e-02 4.84843939e-02 3.31406854e-02 0.00000000e+00
 0.00000000e+00 1.55197730e-01 4.25491988e-01 0.00000000e+00]",0.65,0.00028685092926025393,0.004673007726669311,0.004386156797409058,41.0,40.5,0.5
54,default,stochastic,"[2.94324173e-04 9.97306842e-05 8.12952292e-05 3.86818189e-05
 1.03772126e-03 0.00000000e+00 4.14250158e-04 0.00000000e+00
 3.45628200e-03 1.72477676e-02 3.47464044e-02 0.00000000e+00
 0.00000000e+00 5.59270486e-02 2.94935272e-01 0.00000000e+00]","[2.94324172e-04 9.97306838e-05 8.12952290e-05 3.86818188e-05
 1.03772126e-03 0.00000000e+00 4.14250158e-04 0.00000000e+00
 3.45628200e-03 1.72477676e-02 3.47464044e-02 0.00000000e+00
 0.00000000e+00 5.59270486e-02 2.94935272e-01 0.00000000e+00]",0.7000000000000001,0.00028957605361938475,0.005306963920593262,0.005017387866973877,41.9375,41.4375,0.5
55,default,stochastic,"[ 1.49492766e-03  2.68765772e-03  8.99518150e-03  3.15696708e-03
  2.86734470e-03 -7.96587729e-18  2.29424838e-02  0.00000000e+00
  1.10863217e-02  2.31143776e-02  8.39274051e-02  0.00000000e+00
  2.34160812e-17  7.60543719e-02  3.60617277e-01  0.00000000e+00]","[0.00149493 0.00268766 0.00899518 0.00315697 0.00286734 0.
 0.02294248 0.         0.01108632 0.02311438 0.08392741 0.
 0.         0.07605437 0.36061728 0.        ]",0.75,0.00028871774673461915,0.0059745657444000245,0.005685847997665405,51.375,39.5,11.875
56,default,stochastic,"[0.00606073 0.00324479 0.0175205  0.00354549 0.02732973 0.
 0.03694826 0.         0.05523455 0.12253797 0.20495863 0.
 0.         0.3451966  0.84345557 0.        ]","[0.00606073 0.00324479 0.0175205  0.00354549 0.02732973 0.
 0.03694826 0.         0.05523455 0.12253797 0.20495863 0.
 0.         0.3451966  0.84345557 0.        ]",0.8,0.0003337717056274414,0.0071553635597229005,0.006821591854095459,38.9375,38.5625,0.375
57,default,stochastic,"[2.77932497e-04 1.38326028e-04 1.32866297e-04 4.60360951e-05
 1.86932438e-03 3.98169203e-18 4.68987293e-04 1.00995719e-17
 7.05814316e-03 1.99723634e-02 1.14264327e-02 0.00000000e+00
 2.44213713e-17 7.24726306e-02 3.16371726e-01 0.00000000e+00]","[2.77932496e-04 1.38326027e-04 1.32866296e-04 4.60360950e-05
 1.86932438e-03 0.00000000e+00 4.68987293e-04 0.00000000e+00
 7.05814316e-03 1.99723634e-02 1.14264327e-02 0.00000000e+00
 0.00000000e+00 7.24726306e-02 3.16371726e-01 0.00000000e+00]",0.8500000000000001,0.00031282782554626465,0.008246513605117798,0.007933685779571533,58.9375,41.1875,17.75
58,default,stochastic,"[ 3.33984907e-03  4.87168260e-03  6.40103182e-03  3.35310556e-03
  2.59603003e-03  2.50749733e-16  8.78809973e-03  0.00000000e+00
  4.20163845e-03  3.40601138e-02  4.78846375e-02  0.00000000e+00
 -1.73837589e-16  1.68569574e-01  6.20260038e-01  0.00000000e+00]","[0.00333985 0.00487168 0.00640103 0.00335311 0.00259603 0.
 0.0087881  0.         0.00420164 0.03406011 0.04788464 0.
 0.         0.16856957 0.62026004 0.        ]",0.9,0.0002946794033050537,0.010182974338531494,0.00988829493522644,50.8125,39.0,11.8125
59,default,stochastic,"[ 1.98127739e-02  7.62654526e-03  2.01036196e-02  8.35085954e-03
  2.47887817e-02 -2.37511922e-16  4.58731634e-02  0.00000000e+00
  3.76490020e-02  1.33191147e-01  1.47697698e-01  0.00000000e+00
  3.33321710e-16  3.14736448e-01  4.56292896e-01  0.00000000e+00]","[0.01981277 0.00762655 0.02010362 0.00835086 0.02478878 0.
 0.04587316 0.         0.037649   0.13319115 0.1476977  0.
 0.         0.31473645 0.4562929  0.        ]",0.9500000000000001,0.0004379856586456299,0.012501786947250366,0.012063801288604736,49.875,38.9375,10.9375
60,slippery,stochastic,"[0.         0.         0.         0.         0.         0.
 0.         0.         0.         0.         0.         0.
 0.         0.         0.73016661 0.        ]","[0.         0.         0.         0.         0.         0.
 0.         0.         0.         0.         0.         0.
 0.         0.         0.73016661 0.        ]",0.0,0.00036378979682922364,0.00022413253784179688,0.00013965725898742675,3.3125,3.3125,0.0
61,slippery,stochastic,"[7.51449677e-10 1.42844773e-08 1.23699110e-06 1.34647828e-08
 3.63384000e-08 0.00000000e+00 1.19819984e-04 0.00000000e+00
 3.14400744e-06 1.94676179e-04 7.94195008e-03 0.00000000e+00
 0.00000000e+00 8.17633640e-03 6.71013163e-01 0.00000000e+00]","[7.51446962e-10 1.42844771e-08 1.23699110e-06 1.34647828e-08
 3.63383992e-08 0.00000000e+00 1.19819984e-04 0.00000000e+00
 3.14400744e-06 1.94676179e-04 7.94195008e-03 0.00000000e+00
 0.00000000e+00 8.17633640e-03 6.71013163e-01 0.00000000e+00]",0.05,0.00030504703521728516,0.0012792956829071045,0.0009742486476898194,45.75,46.0,0.25
62,slippery,stochastic,"[2.86746028e-08 2.57111737e-07 8.97526383e-06 2.56593466e-07
 7.63457008e-07 0.00000000e+00 3.60562266e-04 0.00000000e+00
 2.36872415e-05 9.09085987e-04 1.52570712e-02 0.00000000e+00
 0.00000000e+00 2.74979448e-02 8.04857803e-01 0.00000000e+00]","[2.86745467e-08 2.57111730e-07 8.97526382e-06 2.56593465e-07
 7.63456996e-07 0.00000000e+00 3.60562266e-04 0.00000000e+00
 2.36872415e-05 9.09085987e-04 1.52570712e-02 0.00000000e+00
 0.00000000e+00 2.74979448e-02 8.04857803e-01 0.00000000e+00]",0.1,0.00017547607421875,0.001584477424621582,0.001409001350402832,44.1875,44.125,0.0625
63,slippery,stochastic,"[1.97733676e-07 1.52338023e-06 6.47968095e-05 2.58224296e-06
 2.98441330e-06 0.00000000e+00 1.62733425e-03 0.00000000e+00
 7.66157710e-05 2.47134609e-03 3.68080429e-02 0.00000000e+00
 0.00000000e+00 2.92716631e-02 8.89682240e-01 0.00000000e+00]","[1.97733645e-07 1.52338022e-06 6.47968095e-05 2.58224296e-06
 2.98441329e-06 0.00000000e+00 1.62733425e-03 0.00000000e+00
 7.66157710e-05 2.47134609e-03 3.68080429e-02 0.00000000e+00
 0.00000000e+00 2.92716631e-02 8.89682240e-01 0.00000000e+00]",0.15000000000000002,0.00026901602745056153,0.0016678643226623535,0.001398848295211792,43.9375,43.5625,0.375
64,slippery,stochastic,"[7.35954199e-07 4.38142203e-06 8.40910864e-05 5.96752867e-06
 8.61262455e-06 0.00000000e+00 1.71151094e-03 0.00000000e+00
 1.78000976e-04 4.28737358e-03 2.73080571e-02 0.00000000e+00
 0.00000000e+00 4.84049368e-02 7.02070841e-01 0.00000000e+00]","[7.35954075e-07 4.38142201e-06 8.40910864e-05 5.96752867e-06
 8.61262453e-06 0.00000000e+00 1.71151094e-03 0.00000000e+00
 1.78000976e-04 4.28737358e-03 2.73080571e-02 0.00000000e+00
 0.00000000e+00 4.84049368e-02 7.02070841e-01 0.00000000e+00]",0.2,0.00023105621337890625,0.0019910216331481935,0.0017599654197692873,43.3125,42.4375,0.875
65,slippery,stochastic,"[3.82611851e-06 1.03408027e-05 1.17498616e-04 9.98117325e-06
 3.44911635e-05 0.00000000e+00 3.20363522e-03 0.00000000e+00
 4.17407040e-04 4.85710409e-03 4.08245017e-02 0.00000000e+00
 0.00000000e+00 4.91687123e-02 7.67301325e-01 0.00000000e+00]","[3.82611849e-06 1.03408027e-05 1.17498616e-04 9.98117325e-06
 3.44911635e-05 0.00000000e+00 3.20363522e-03 0.00000000e+00
 4.17407040e-04 4.85710409e-03 4.08245017e-02 0.00000000e+00
 0.00000000e+00 4.91687123e-02 7.67301325e-01 0.00000000e+00]",0.25,0.00027566313743591307,0.0021612930297851564,0.0018856298923492433,42.6875,42.375,0.3125
66,slippery,stochastic,"[5.72778398e-06 1.32540208e-05 2.23089889e-04 1.88577416e-05
 4.31656710e-05 0.00000000e+00 2.77343903e-03 0.00000000e+00
 5.86638697e-04 7.15093303e-03 5.60385958e-02 0.00000000e+00
 0.00000000e+00 5.15604788e-02 7.80915744e-01 0.00000000e+00]","[5.72778384e-06 1.32540207e-05 2.23089889e-04 1.88577416e-05
 4.31656710e-05 0.00000000e+00 2.77343903e-03 0.00000000e+00
 5.86638697e-04 7.15093303e-03 5.60385958e-02 0.00000000e+00
 0.00000000e+00 5.15604788e-02 7.80915744e-01 0.00000000e+00]",0.30000000000000004,0.00022543072700500488,0.0024432802200317384,0.0022178494930267336,42.5,42.5625,0.0625
67,slippery,stochastic,"[2.11286249e-05 3.46212280e-05 2.69871017e-04 3.10682743e-05
 1.47672426e-04 0.00000000e+00 3.48767299e-03 0.00000000e+00
 1.39716994e-03 1.50343377e-02 7.29149142e-02 0.00000000e+00
 0.00000000e+00 9.54522181e-02 7.57755933e-01 0.00000000e+00]","[2.11286248e-05 3.46212280e-05 2.69871017e-04 3.10682743e-05
 1.47672426e-04 0.00000000e+00 3.48767299e-03 0.00000000e+00
 1.39716994e-03 1.50343377e-02 7.29149142e-02 0.00000000e+00
 0.00000000e+00 9.54522181e-02 7.57755933e-01 0.00000000e+00]",0.35000000000000003,0.00034426212310791017,0.0026044142246246338,0.0022601521015167235,41.9375,41.0625,0.875
68,slippery,stochastic,"[3.26364040e-05 1.06779346e-04 1.08049152e-03 1.67954369e-04
 1.49065208e-04 0.00000000e+00 8.62834459e-03 0.00000000e+00
 1.04283756e-03 1.51080927e-02 7.13735757e-02 0.00000000e+00
 0.00000000e+00 8.20973712e-02 7.57467006e-01 0.00000000e+00]","[3.26364037e-05 1.06779346e-04 1.08049152e-03 1.67954369e-04
 1.49065208e-04 0.00000000e+00 8.62834459e-03 0.00000000e+00
 1.04283756e-03 1.51080927e-02 7.13735757e-02 0.00000000e+00
 0.00000000e+00 8.20973712e-02 7.57467006e-01 0.00000000e+00]",0.4,0.00028539180755615234,0.003776627779006958,0.0034912359714508057,41.25,41.375,0.125
69,slippery,stochastic,"[1.26501592e-04 1.38141278e-04 9.02330751e-04 1.57351334e-04
 7.61542283e-04 0.00000000e+00 7.40206363e-03 0.00000000e+00
 4.88693440e-03 3.45308295e-02 1.21265205e-01 0.00000000e+00
 0.00000000e+00 1.56153714e-01 9.42937973e-01 0.00000000e+00]","[1.26501592e-04 1.38141277e-04 9.02330751e-04 1.57351334e-04
 7.61542283e-04 0.00000000e+00 7.40206363e-03 0.00000000e+00
 4.88693440e-03 3.45308295e-02 1.21265205e-01 0.00000000e+00
 0.00000000e+00 1.56153714e-01 9.42937973e-01 0.00000000e+00]",0.45,0.00026021599769592284,0.003110158443450928,0.0028499424457550052,40.75,40.5,0.25
70,slippery,stochastic,"[1.55859165e-04 3.04097608e-04 1.64240019e-03 3.55374103e-04
 5.51699207e-04 0.00000000e+00 1.11198777e-02 0.00000000e+00
 3.43117217e-03 3.09694060e-02 1.25392433e-01 0.00000000e+00
 0.00000000e+00 1.48066863e-01 1.13180777e+00 0.00000000e+00]","[1.55859164e-04 3.04097608e-04 1.64240019e-03 3.55374102e-04
 5.51699207e-04 0.00000000e+00 1.11198777e-02 0.00000000e+00
 3.43117217e-03 3.09694060e-02 1.25392433e-01 0.00000000e+00
 0.00000000e+00 1.48066863e-01 1.13180777e+00 0.00000000e+00]",0.5,0.00025695204734802244,0.0033843934535980223,0.0031274414062499997,40.75,40.5625,0.1875
71,slippery,stochastic,"[2.61494070e-04 6.12919645e-04 3.76930311e-03 3.78251338e-04
 7.74345818e-04 0.00000000e+00 2.10305783e-02 0.00000000e+00
 5.03134281e-03 4.00960426e-02 1.43104020e-01 0.00000000e+00
 0.00000000e+00 1.31483813e-01 8.75490164e-01 0.00000000e+00]","[2.61494070e-04 6.12919645e-04 3.76930311e-03 3.78251338e-04
 7.74345818e-04 0.00000000e+00 2.10305783e-02 0.00000000e+00
 5.03134281e-03 4.00960426e-02 1.43104020e-01 0.00000000e+00
 0.00000000e+00 1.31483813e-01 8.75490164e-01 0.00000000e+00]",0.55,0.0003321719169616699,0.003673727512359619,0.0033415555953979492,39.6875,40.4375,0.75
72,slippery,stochastic,"[1.07463425e-03 1.52169419e-03 8.24902060e-03 1.69833813e-03
 3.37242572e-03 0.00000000e+00 4.12741979e-02 0.00000000e+00
 1.85525533e-02 8.88658365e-02 2.39091763e-01 0.00000000e+00
 0.00000000e+00 2.41141165e-01 1.18123377e+00 0.00000000e+00]","[1.07463425e-03 1.52169419e-03 8.24902060e-03 1.69833813e-03
 3.37242572e-03 0.00000000e+00 4.12741979e-02 0.00000000e+00
 1.85525533e-02 8.88658365e-02 2.39091763e-01 0.00000000e+00
 0.00000000e+00 2.41141165e-01 1.18123377e+00 0.00000000e+00]",0.6000000000000001,0.0002606344223022461,0.004138185977935791,0.003877551555633545,39.0625,39.25,0.1875
73,slippery,stochastic,"[0.00125967 0.00223343 0.01002362 0.0024448  0.00316594 0.
 0.03946162 0.         0.01486617 0.07040554 0.194809   0.
 0.         0.24269649 0.94025175 0.        ]","[0.00125967 0.00223343 0.01002362 0.0024448  0.00316594 0.
 0.03946162 0.         0.01486617 0.07040554 0.194809   0.
 0.         0.24269649 0.94025175 0.        ]",0.65,0.00023482799530029298,0.00460524320602417,0.0043704152107238775,39.375,39.25,0.125
74,slippery,stochastic,"[0.00072933 0.00126927 0.00679326 0.00170524 0.00190154 0.
 0.02457824 0.         0.0117471  0.05820684 0.14817989 0.
 0.         0.18829611 0.717006   0.        ]","[0.00072933 0.00126927 0.00679326 0.00170524 0.00190154 0.
 0.02457824 0.         0.0117471  0.05820684 0.14817989 0.
 0.         0.18829611 0.717006   0.        ]",0.7000000000000001,0.00026402831077575683,0.005176548957824707,0.00491252064704895,38.75,39.4375,0.6875
75,slippery,stochastic,"[0.0029672  0.00436233 0.01678477 0.00515357 0.00646453 0.
 0.05257149 0.         0.02268066 0.08346806 0.20715321 0.
 0.         0.27621155 0.92924985 0.        ]","[0.0029672  0.00436233 0.01678477 0.00515357 0.00646453 0.
 0.05257149 0.         0.02268066 0.08346806 0.20715321 0.
 0.         0.27621155 0.92924985 0.        ]",0.75,0.0003083169460296631,0.005792560577392578,0.005484243631362915,39.1875,38.5625,0.625
76,slippery,stochastic,"[4.65466595e-03 5.95963584e-03 1.91142036e-02 6.62472949e-03
 1.01186731e-02 7.48443627e-17 5.80926756e-02 0.00000000e+00
 3.07329434e-02 1.21336986e-01 2.22279523e-01 0.00000000e+00
 0.00000000e+00 3.46176334e-01 1.01523453e+00 0.00000000e+00]","[0.00465467 0.00595964 0.0191142  0.00662473 0.01011867 0.
 0.05809268 0.         0.03073294 0.12133699 0.22227952 0.
 0.         0.34617633 1.01523453 0.        ]",0.8,0.0003035330772399902,0.006642659902572632,0.006339126825332641,44.3125,38.3125,6.0
77,slippery,stochastic,"[ 6.70367669e-03  5.46652047e-03  1.71844383e-02  5.43921693e-03
  1.18884474e-02 -9.06357016e-17  5.94496434e-02  0.00000000e+00
  3.38975412e-02  1.29342898e-01  2.98627851e-01  0.00000000e+00
  0.00000000e+00  3.71593652e-01  1.27863756e+00  0.00000000e+00]","[0.00670368 0.00546652 0.01718444 0.00543922 0.01188845 0.
 0.05944964 0.         0.03389754 0.1293429  0.29862785 0.
 0.         0.37159365 1.27863756 0.        ]",0.8500000000000001,0.000300750732421875,0.007821375131607055,0.007520624399185181,44.25,38.25,6.0
78,slippery,stochastic,"[ 7.07581390e-03  9.26222351e-03  2.95782705e-02  1.11138998e-02
  8.03009434e-03 -2.00031524e-16  7.09991395e-02  0.00000000e+00
  2.30457041e-02  1.45732910e-01  3.37922078e-01  0.00000000e+00
 -2.14907699e-16  3.87462293e-01  1.09381352e+00  0.00000000e+00]","[0.00707581 0.00926222 0.02957827 0.0111139  0.00803009 0.
 0.07099914 0.         0.0230457  0.14573291 0.33792208 0.
 0.         0.38746229 1.09381352 0.        ]",0.9,0.00025033354759216306,0.009349088668823242,0.009098755121231079,49.1875,38.25,10.9375
79,slippery,stochastic,"[ 1.52866088e-02  1.85078504e-02  3.83990004e-02  1.73889550e-02
  1.40900459e-02  5.82423162e-16  9.02864927e-02 -2.49599424e-16
  2.88928543e-02  1.43713851e-01  3.72382798e-01  0.00000000e+00
 -9.78283481e-16  4.20282616e-01  1.17462935e+00  0.00000000e+00]","[0.01528661 0.01850785 0.038399   0.01738896 0.01409005 0.
 0.09028649 0.         0.02889285 0.14371385 0.3723828  0.
 0.         0.42028262 1.17462935 0.        ]",0.9500000000000001,0.00028970837593078613,0.010882096290588379,0.010592387914657593,55.1875,38.0,17.1875
